{
  "hourly_crime": {
    "0": 23089,
    "1": 22118,
    "2": 19449,
    "3": 21365,
    "4": 19969,
    "5": 21281,
    "6": 16647,
    "7": 21680,
    "8": 14047,
    "9": 12111,
    "10": 10255,
    "11": 8544,
    "12": 7749,
    "13": 8878,
    "14": 10985,
    "15": 15922,
    "16": 13423,
    "17": 14663,
    "18": 14164,
    "19": 21736,
    "20": 16009,
    "21": 17249,
    "22": 19927,
    "23": 22518
  },
  "monthly_crime": {
    "1": 32775,
    "2": 29224,
    "3": 31391,
    "4": 31407,
    "5": 34347,
    "6": 33590,
    "7": 35796,
    "8": 35507,
    "9": 34204,
    "10": 34594,
    "11": 31517,
    "12": 29426
  },
  "hourly_streetlights": {
    "0": 4493
  },
  "monthly_streetlights": {
    "1": 188,
    "2": 235,
    "3": 174,
    "4": 235,
    "5": 195,
    "6": 180,
    "7": 385,
    "8": 225,
    "9": 630,
    "10": 842,
    "11": 833,
    "12": 371
  },
  "hourly_correlation": 0.28936247434409257,
  "monthly_correlation": 0.12924462569101494
}